water_level_change,water_flow
-15.93675813378541,2.1343105067296686
-29.152979217238133,1.1732566787564553
36.18954862666253,34.35910918053895
37.49218733199513,36.83795516371235
-48.058829452570066,2.808965074479856
-8.941457938049755,2.121072476666392
15.307792889226079,14.710268306562307
-34.70626581132249,2.614184386432259
1.3891543686358903,3.7401716656949393
-44.38375985168692,3.731691310543067
7.013502082404112,7.627658852038035
22.762748919711303,22.752428302242212
